<GuiXml xmlns:xsi="http://www.w3.org/2001/XMLSchema-instance" xsi:noNamespaceSchemaLocation="http://sir.insidi.at/or/schema/esoui.xsd">
<!-- LibSets Search UI - Font definitions -->
	<Font name="MyFontGame16" font="$(MEDIUM_FONT)|$(KB_16)|soft-shadow-thin" />
    <Font name="MyFontGame18" font="$(BOLD_FONT)|$(KB_18)|soft-shadow-thik" />
    <Font name="MyFontGame20" font="$(BOLD_FONT)|$(KB_20)|soft-shadow-thik" />

    <Controls>
        <!-- LibSets Search UI - Virtual template -->
        <TopLevelControl name="LibSets_SearchUI_TLC_Shared" mouseEnabled="true" movable="true" clampedToScreen="true" hidden="true" virtual="true" level="1">
            <Controls>
                <Control name="$(parent)Filters">
                    <Controls>
                    </Controls>
                </Control>
                <Control name="$(parent)Content">
                    <Controls>
                    </Controls>
                </Control>
            </Controls>
        </TopLevelControl>

        <!-- Virtual Sort headers -->
        <Control name="LibSetsSearchUISortHeader" inherits="ZO_SortHeaderBehavior" virtual="true" level="2">
            <Controls>
                <Label name="$(parent)Name" font="MyFontGame18" color="INTERFACE_COLOR_TYPE_TEXT_COLORS:INTERFACE_TEXT_COLOR_NORMAL"  horizontalAlignment="CENTER" verticalAlignment="CENTER" wrapMode="ELLIPSIS">
                    <AnchorFill />
                </Label>
            </Controls>
            <OnMouseEnter>
                LibSets_SearchUI_Shared_SortHeaderTooltip(self)
            </OnMouseEnter>
            <OnMouseExit>
                ClearTooltip(InformationTooltip)
            </OnMouseExit>
        </Control>

		<!--Virtual Backdrops - The background of the UI -->
		<Backdrop name="LibSetsSearchUIBackdrop" inherits="ZO_DarkThinFrame" virtual="true" tier="LOW" layer="BACKGROUND" level="0">
			<Anchor point="TOPLEFT" offsetX="-4" offsetY="-4"/>
            <Anchor point="BOTTOMRIGHT" offsetX="4" offsetY="4"/>
            <Edge file="EsoUI/Art/Miscellaneous/dark_edgeFrame_8_thin.dds" edgeFileWidth="64" edgeFileHeight="8" />
            <Center file="EsoUI/Art/Miscellaneous/Gamepad/gp_edgeFill.dds" />
			<!--<Center file="/esoui/art/upsell/upsell_greymoor_bg.dds" /> -->
        </Backdrop>

         <!--Virtual Multiselect ComboBoxes - PTS API 101040: ZO_ComboBox is cappable to do multi selection & scroll -->
		<Control name="LibSetsSearchUIMultiSelectComboBox" inherits="ZO_ComboBox" virtual="true" tier="LOW" layer="CONTROLS" level="1">
            <OnMouseEnter>
                LibSets_SearchUI_Shared_ControlTooltip(self, BOTTOM, self, TOP, 0, -10)
            </OnMouseEnter>
            <OnMouseExit>
                ClearTooltip(InformationTooltip)
            </OnMouseExit>
            <OnMouseUp>
                if button == MOUSE_BUTTON_INDEX_LEFT and upInside then
                    ZO_ComboBox_DropdownClicked(self)
                else
                    LibSets_SearchUI_Shared_Dropdown_OnMouseUp(self, button, upInside, shift, alt, ctrl, command)
                end
            </OnMouseUp>
        </Control>

		<!-- Virtual labels -->
        <Label name="LibSetsSearchUIRowLabel" font="MyFontGame16" wrapMode="ELLIPSIS" horizontalAlignment="LEFT" verticalAlignment="CENTER" virtual="true" />

        <!-- Virtual Rows -->
		<Control name="LibSetsSearchUIRow" mouseEnabled="true" virtual="true" hidden="false">
			<Dimensions y="30" />
			<OnMouseEnter>
                LibSets_SearchUI_Shared_Row_OnMouseEnter(self)
			</OnMouseEnter>
			<OnMouseExit>
                LibSets_SearchUI_Shared_Row_OnMouseExit(self)
			</OnMouseExit>
            <OnMouseUp>
                LibSets_SearchUI_Shared_Row_OnMouseUp(self, button, upInside, shift, alt, ctrl, command)
			</OnMouseUp>
			<Controls>
				<Texture name="$(parent)BG" inherits="ZO_ThinListBgStrip"/>
				<Label name="$(parent)Favorite" inherits="LibSetsSearchUIRowLabel">
					<Anchor point="LEFT" />
					<Dimensions y="30" />
                    <DimensionConstraints minX="24" maxX="24" />
				</Label>
				<Label name="$(parent)Name" inherits="LibSetsSearchUIRowLabel">
					<Anchor point="LEFT" relativePoint="RIGHT" relativeTo="$(parent)Favorite" />
					<Dimensions y="30" />
                    <DimensionConstraints minX="350" maxX="350" />
				</Label>
				<Label name="$(parent)SetType" inherits="LibSetsSearchUIRowLabel">
					<Anchor point="LEFT" relativePoint="RIGHT" relativeTo="$(parent)Name" />
					<Dimensions y="30" />
                    <DimensionConstraints minX="30" maxX="30" />
				</Label>
				<Label name="$(parent)ArmorOrWeaponType" inherits="LibSetsSearchUIRowLabel">
					<Anchor point="LEFT" relativePoint="RIGHT" relativeTo="$(parent)SetType" />
					<Dimensions y="30" />
                    <DimensionConstraints minX="30" maxX="30" />
				</Label>
				<Label name="$(parent)EquipSlot" inherits="LibSetsSearchUIRowLabel">
					<Anchor point="LEFT" relativePoint="RIGHT" relativeTo="$(parent)ArmorOrWeaponType" />
					<Dimensions y="30" />
                    <DimensionConstraints minX="30" maxX="30" />
				</Label>
				<Label name="$(parent)DropLocations" inherits="LibSetsSearchUIRowLabel">
					<Anchor point="LEFT" relativePoint="RIGHT" relativeTo="$(parent)EquipSlot" />
					<Dimensions y="30" />
                    <DimensionConstraints minX="300" maxX="300" />
				</Label>
				<Label name="$(parent)SetId" inherits="LibSetsSearchUIRowLabel">
					<Anchor point="LEFT" relativePoint="RIGHT" relativeTo="$(parent)DropLocations" />
					<Anchor point="RIGHT" relativePoint="RIGHT" relativeTo="$(parent)" offsetX="-4" />
					<Dimensions y="30" />
                    <DimensionConstraints minX="30" maxX="30" />
				</Label>
			</Controls>
		</Control>

        <!-- LibSets Search UI - Keyboard mode -->
        <TopLevelControl name="LibSets_SearchUI_TLC_Keyboard" inherits="LibSets_SearchUI_TLC_Shared">
            <Dimensions x="900" y="600"/>
            <DimensionConstraints minX="900" minY="600"/>
            <Anchor point="CENTER" relativeTo="GuiRoot" relativePoint="CENTER" offsetX="0" offsetY="0"/>

            <OnInitialized>
                --Not done here, but at LibSets.lua, EVENT_ADD_ON_LOADED, after all set data was prepared for the filters!
                --LibSets_SearchUI_Keyboard_TopLevel_OnInitialized(self)
            </OnInitialized>

            <Controls>
                <!-- Background -->
		    	<Backdrop name="$(parent)BG" alpha="1" inherits="LibSetsSearchUIBackdrop" centerColor="666666">
		    		<AnchorFill/>
				</Backdrop>

                <!-- Filters at the top -->
                <Control name="$(parent)Filters" override="true" level="1">
                    <Anchor point="TOPLEFT" relativeTo="$(parent)" relativePoint="TOPLEFT" offsetX="0" offsetY="10" />
                    <Dimensions y="125" />
                    <!-- Filter MultiSelect dropdown boxes -->
                    <Controls>
                        <Control name="$(parent)SetTypeFilter" inherits="LibSetsSearchUIMultiSelectComboBox" tier="LOW" layer="CONTROLS" level="1">
                            <Anchor point="TOPLEFT" relativeTo="$(parent)" relativePoint="TOPLEFT" offsetX="5" offsetY="5" />
                            <Dimensions x="200" />
                        </Control>
                        <Control name="$(parent)ArmorTypeFilter" inherits="LibSetsSearchUIMultiSelectComboBox" tier="LOW" layer="CONTROLS" level="1">
                            <Anchor point="TOPLEFT" relativeTo="$(parent)SetTypeFilter" relativePoint="TOPRIGHT" offsetX="5" offsetY="0" />
                            <Dimensions x="200" />
                        </Control>
                        <Control name="$(parent)WeaponTypeFilter" inherits="LibSetsSearchUIMultiSelectComboBox" tier="LOW" layer="CONTROLS" level="1">
                            <Anchor point="TOPLEFT" relativeTo="$(parent)ArmorTypeFilter" relativePoint="TOPRIGHT" offsetX="5" offsetY="0" />
                            <Dimensions x="200" />
                        </Control>
                        <Control name="$(parent)EquipmentTypeFilter" inherits="LibSetsSearchUIMultiSelectComboBox" tier="LOW" layer="CONTROLS" level="1">
                            <Anchor point="TOPLEFT" relativeTo="$(parent)WeaponTypeFilter" relativePoint="TOPRIGHT" offsetX="5" offsetY="0" />
                            <Dimensions x="200" />
                        </Control>

                        <!-- Filter edit box - Name text search -->
                        <Backdrop name="$(parent)TextSearch" inherits="ZO_SingleLineEditBackdrop_Keyboard" tier="LOW" layer="CONTROLS" level="1">
                            <Anchor point="TOPLEFT" relativePoint="BOTTOMLEFT" relativeTo="$(parent)SetTypeFilter" offsetX="0" offsetY="5" />
                            <Dimensions x="200" />
                            <Controls>
                                <EditBox name="$(parent)Box" inherits="ZO_DefaultEditForBackdrop" />
                            </Controls>
                        </Backdrop>

                        <!-- Filter more MultiSelect dropdown boxes -->
                        <Control name="$(parent)DLCIdFilter" inherits="LibSetsSearchUIMultiSelectComboBox" tier="LOW" layer="CONTROLS" level="1">
                            <Anchor point="TOPLEFT" relativeTo="$(parent)ArmorTypeFilter" relativePoint="BOTTOMLEFT" offsetX="0" offsetY="5" />
                            <Dimensions x="200" />
                        </Control>
                        <Control name="$(parent)EnchantSearchCategoryTypeFilter" inherits="LibSetsSearchUIMultiSelectComboBox" tier="LOW" layer="CONTROLS" level="1">
                            <Anchor point="TOPLEFT" relativeTo="$(parent)DLCIdFilter" relativePoint="TOPRIGHT" offsetX="5" offsetY="0" />
                            <Dimensions x="200" />
                        </Control>
                        <Control name="$(parent)FavoritesFilter" inherits="LibSetsSearchUIMultiSelectComboBox" tier="LOW" layer="CONTROLS" level="1">
                            <Anchor point="TOPLEFT" relativeTo="$(parent)EnchantSearchCategoryTypeFilter" relativePoint="TOPRIGHT" offsetX="5" offsetY="0" />
                            <Dimensions x="200" />
                        </Control>

                        <!-- Filter edit box - Bonus text search -->
                        <Backdrop name="$(parent)BonusTextSearch" inherits="ZO_SingleLineEditBackdrop_Keyboard" tier="LOW" layer="CONTROLS" level="1">
                            <Anchor point="TOPLEFT" relativePoint="BOTTOMLEFT" relativeTo="$(parent)TextSearch" offsetX="0" offsetY="5" />
                            <Dimensions x="200" />
                            <Controls>
                                <EditBox name="$(parent)Box" inherits="ZO_DefaultEditForBackdrop" />
                            </Controls>
                        </Backdrop>

                        <!-- Filter more MultiSelect dropdown boxes -->
                        <Control name="$(parent)NumBonusFilter" inherits="LibSetsSearchUIMultiSelectComboBox" tier="LOW" layer="CONTROLS" level="1">
                            <Anchor point="TOPLEFT" relativeTo="$(parent)BonusTextSearch" relativePoint="TOPRIGHT" offsetX="5" offsetY="0" />
                            <Dimensions x="80" />
                        </Control>

                        <!-- Filter more MultiSelect dropdown boxes -->
                        <Control name="$(parent)DropZoneFilter" inherits="LibSetsSearchUIMultiSelectComboBox" tier="LOW" layer="CONTROLS" level="1">
                            <Anchor point="TOPLEFT" relativeTo="$(parent)NumBonusFilter" relativePoint="TOPRIGHT" offsetX="5" offsetY="0" />
                            <Dimensions x="190" />
                        </Control>
                        <Control name="$(parent)DropMechanicsFilter" inherits="LibSetsSearchUIMultiSelectComboBox" tier="LOW" layer="CONTROLS" level="1">
                            <Anchor point="TOPLEFT" relativeTo="$(parent)DropZoneFilter" relativePoint="TOPRIGHT" offsetX="5" offsetY="0" />
                            <Dimensions x="200" />
                        </Control>
                        <Control name="$(parent)DropLocationsFilter" inherits="LibSetsSearchUIMultiSelectComboBox" tier="LOW" layer="CONTROLS" level="1">
                            <Anchor point="TOPLEFT" relativeTo="$(parent)DropMechanicsFilter" relativePoint="TOPRIGHT" offsetX="5" offsetY="0" />
                            <Dimensions x="180" />
                        </Control>


                    </Controls>
                </Control>

                <!-- Filter results -->
                <Control name="$(parent)Content" override="true" tier="LOW" layer="CONTROLS" level="0">
                    <Anchor point="TOPLEFT" relativeTo="$(parent)Filters" relativePoint="BOTTOMLEFT" offsetX="8" offsetY="0" />
                    <Anchor point="BOTTOMRIGHT" relativeTo="$(parent)" relativePoint="BOTTOMRIGHT" offsetX="-8" offsetY="-16" />
                    <Controls>

                        <!-- ZO_SortFilterScrollList - Sort header -->
                        <Control name="$(parent)Headers" tier="LOW" layer="CONTROLS" level="1">
                            <Dimensions y="30" />
                            <Anchor point="TOPLEFT" relativeTo="$(parent)" relativePoint="TOPLEFT" offsetX="0" offsetY="0" />
                            <Controls>
                                <Control name="$(parent)Favorite" inherits="LibSetsSearchUISortHeader">
                                    <OnInitialized>
                                        ZO_SortHeader_Initialize(self, zo_iconTextFormatNoSpace(LibSets.SearchUI.favoriteIcon, 24, 24, nameColumnValue), "isFavorite", ZO_SORT_ORDER_UP, TEXT_ALIGN_LEFT, "ZoFontGame")
                                    </OnInitialized>
                                    <Anchor point="TOPLEFT" />
                                    <Dimensions y="30" />
                                    <DimensionConstraints minX="24" maxX="24" />
                                </Control>
                                <Control name="$(parent)Name" inherits="LibSetsSearchUISortHeader">
                                    <OnInitialized>
                                        ZO_SortHeader_Initialize(self, GetString(SI_ITEMLISTSORTTYPE2), "name", ZO_SORT_ORDER_UP, TEXT_ALIGN_LEFT, "ZoFontGameLargeBold")
                                    </OnInitialized>
                                    <Anchor point="TOPLEFT" relativePoint="TOPRIGHT" relativeTo="$(parent)Favorite" />
                                    <Dimensions y="30" />
                                    <DimensionConstraints minX="350" maxX="350" />
                                </Control>
                                <Control name="$(parent)SetType" inherits="LibSetsSearchUISortHeader">
                                    <OnInitialized>
                                        ZO_SortHeader_Initialize(self, LibSets.GetLocalizedText("setType"), "setType", ZO_SORT_ORDER_UP, TEXT_ALIGN_LEFT, "ZoFontGameLargeBold")
                                    </OnInitialized>
                                    <Anchor point="TOPLEFT" relativePoint="TOPRIGHT" relativeTo="$(parent)Name" />
                                    <Dimensions y="30" />
                                    <DimensionConstraints minX="30" maxX="30" />
                                </Control>
                                <Control name="$(parent)ArmorOrWeaponType" inherits="LibSetsSearchUISortHeader">
                                    <OnInitialized>
                                        ZO_SortHeader_Initialize(self, LibSets.GetLocalizedText("armorOrWeaponType"), "armorOrWeaponType", ZO_SORT_ORDER_UP, TEXT_ALIGN_LEFT, "ZoFontGameLargeBold")
                                    </OnInitialized>
                                    <Anchor point="TOPLEFT" relativePoint="TOPRIGHT" relativeTo="$(parent)SetType" />
                                    <Dimensions y="30" />
                                    <DimensionConstraints minX="30" maxX="30" />
                                </Control>
                                <Control name="$(parent)EquipSlot" inherits="LibSetsSearchUISortHeader">
                                    <OnInitialized>
                                        ZO_SortHeader_Initialize(self, LibSets.GetLocalizedText("equipSlot"), "equipSlot", ZO_SORT_ORDER_UP, TEXT_ALIGN_LEFT, "ZoFontGameLargeBold")
                                    </OnInitialized>
                                    <Anchor point="TOPLEFT" relativePoint="TOPRIGHT" relativeTo="$(parent)ArmorOrWeaponType" />
                                    <Dimensions y="30" />
                                    <DimensionConstraints minX="30" maxX="30" />
                                </Control>
                                <Control name="$(parent)DropLocations" inherits="LibSetsSearchUISortHeader">
                                    <OnInitialized>
                                        ZO_SortHeader_Initialize(self, LibSets.GetLocalizedText("droppedBy"), "dropLocationSort", ZO_SORT_ORDER_UP, TEXT_ALIGN_LEFT, "ZoFontGameLargeBold")
                                    </OnInitialized>
                                    <Anchor point="TOPLEFT" relativePoint="TOPRIGHT" relativeTo="$(parent)EquipSlot" />
                                    <Dimensions y="30" />
                                    <DimensionConstraints minX="300" maxX="300" />
                                </Control>
                                <Control name="$(parent)SetId" inherits="LibSetsSearchUISortHeader">
                                    <OnInitialized>
                                        ZO_SortHeader_Initialize(self, LibSets.GetLocalizedText("setId"), "setId", ZO_SORT_ORDER_UP, TEXT_ALIGN_LEFT, "ZoFontGameLargeBold")
                                    </OnInitialized>
                                    <Anchor point="TOPLEFT" relativePoint="TOPRIGHT" relativeTo="$(parent)DropLocations" />
                                    <Anchor point="TOPRIGHT" relativePoint="TOPRIGHT" relativeTo="$(parent)" offsetX="-4" />
                                    <Dimensions y="30" />
                                    <DimensionConstraints minX="30" maxX="30" />
                                </Control>
                            </Controls>
                        </Control>

                        <!-- ZO_SortFilterScrollList -->
                        <Control name="$(parent)List" inherits="ZO_ScrollList" tier="LOW" layer="CONTROLS" level="1">
                            <Anchor point="TOPLEFT" relativeTo="$(parent)Headers" relativePoint="BOTTOMLEFT" offsetY="0" />
                            <Anchor point="BOTTOMRIGHT" relativeTo="$(parent)" relativePoint="BOTTOMRIGHT" offsetX="0" offsetY="-6" />
                        </Control>

                        <!-- Counter - Showing currently number of filtered rows -->
                        <Label name="$(parent)Counter" font="ZoFontGameSmall" horizontalAlignment="RIGHT" color="INTERFACE_COLOR_TYPE_TEXT_COLORS:INTERFACE_TEXT_COLOR_DISABLED" tier="LOW" layer="CONTROLS" level="1">
                            <Anchor point="TOPRIGHT" relativeTo="$(parent)List" relativePoint="BOTTOMRIGHT" offsetY="0" />
                        </Label>
                    </Controls>
                </Control>

                <!-- Buttons at the top -->
                <Button name="$(parent)ButtonClose" tier="LOW" layer="CONTROLS" level="2">
					<Anchor point="BOTTOMRIGHT" relativeTo="$(parent)" relativePoint="TOPRIGHT"
							offsetX="6"  offsetY="4" />
                    <Dimensions x="36" y="36" />
                    <Textures normal="/esoui/art/buttons/closebutton_up.dds"
                              pressed="/esoui/art/buttons/closebutton_down.dds"
                              mouseOver="/esoui/art/buttons/closebutton_mouseOver.dds"
                              disabled="/esoui/art/buttons/closebutton_disabled.dds" />
                    <OnClicked>
                        self:GetParent()._object:HideUI()
                    </OnClicked>
                    <OnMouseEnter>
                        InitializeTooltip(InformationTooltip, self, BOTTOM, 0, -10)
                        SetTooltipText(InformationTooltip, GetString(SI_DIALOG_CLOSE))
                    </OnMouseEnter>
                    <OnMouseExit>
                        ClearTooltip(InformationTooltip)
                    </OnMouseExit>
                </Button>
                <Button name="$(parent)ButtonSettings" tier="LOW" layer="CONTROLS" level="1">
                    <Anchor point="RIGHT" relativeTo="$(parent)ButtonClose" relativePoint="LEFT" offsetX="-10" offsetY="-2" />
                    <Dimensions x="30" y="30" />
                    <Textures normal="esoui/art/chatwindow/chat_options_up.dds"
                              pressed="esoui/art/chatwindow/chat_options_down.dds"
                              mouseOver="esoui/art/chatwindow/chat_options_over.dds"/>
                    <OnClicked>
                        self:GetParent()._object:ShowSettingsMenu(self)
                    </OnClicked>
                    <OnMouseEnter>
                        InitializeTooltip(InformationTooltip, self, BOTTOM, 0, -10)
                        SetTooltipText(InformationTooltip, GetString(SI_CUSTOMERSERVICESUBMITFEEDBACKSUBCATEGORIES1305))
                    </OnMouseEnter>
                    <OnMouseExit>
                        ClearTooltip(InformationTooltip)
                    </OnMouseExit>
                </Button>

                <Button name="$(parent)ButtonSearch" tier="LOW" layer="CONTROLS" level="2">
                    <Anchor point="TOPRIGHT" relativeTo="$(parent)" relativePoint="TOPRIGHT" offsetX="-5" offsetY="7" />
                    <Dimensions x="26" y="26" />
                    <Textures normal="/esoui/art/buttons/searchbutton_normal.dds"
                              pressed="/esoui/art/buttons/searchbutton_mousedown.dds"
                              mouseOver="/esoui/art/buttons/searchbutton_mouseOver.dds"
                              disabled="/esoui/art/buttons/searchbutton_disabled.dds" />
                    <OnClicked>
                        self:GetParent()._object:Search(false, nil)
                    </OnClicked>
                    <OnMouseEnter>
                        InitializeTooltip(InformationTooltip, self, BOTTOM, 0, -10)
                        SetTooltipText(InformationTooltip, GetString(SI_TRADING_HOUSE_DO_SEARCH))
                    </OnMouseEnter>
                    <OnMouseExit>
                        ClearTooltip(InformationTooltip)
                    </OnMouseExit>
                </Button>

                <Button name="$(parent)ButtonReset" tier="LOW" layer="CONTROLS" level="1">
                    <Anchor point="TOPRIGHT" relativeTo="$(parent)ButtonSearch" relativePoint="TOPLEFT" offsetX="-5" offsetY="0" />
                    <Dimensions x="26" y="26" />
                    <Textures normal="/esoui/art/buttons/switch_up.dds"
                              pressed="/esoui/art/buttons/switch_down.dds"
                              mouseOver="/esoui/art/buttons/switch_mouseOver.dds"
                              disabled="/esoui/art/buttons/switch_disabled.dds" />
                    <OnClicked>
                        self:GetParent()._object:Reset()
                    </OnClicked>
                    <OnMouseEnter>
                        InitializeTooltip(InformationTooltip, self, BOTTOM, 0, -10)
                        SetTooltipText(InformationTooltip, GetString(SI_TRADING_HOUSE_RESET_SEARCH))
                    </OnMouseEnter>
                    <OnMouseExit>
                        ClearTooltip(InformationTooltip)
                    </OnMouseExit>
                </Button>
            </Controls>
        </TopLevelControl>


        <!-- LibSets Search UI - Keybaord mode - Set tooltip -->
		<TopLevelControl name="LibSets_SearchUI_TooltipTopLevel" inherits="TooltipTopLevel">
			<Controls>
				<Tooltip name="LibSets_SearchUI_Tooltip" inherits="ZO_ItemIconTooltip"/>
			</Controls>
		</TopLevelControl>
    </Controls>
</GuiXml>




