<GuiXml>
	<Controls>
		<Line name="HarvestLink" thickness="8" virtual="true"/>
		<Control name="SaveEntry" virtual="true" >
			<Dimensions x="300" y="145" />
			<Controls>
				<Backdrop name="$(parent)BG" inherits="ZO_DefaultBackdrop" >
						<Anchor point="TOPLEFT" relativeTo="$(parent)" relativePoint="TOPLEFT" offsetX="0" offsetY="0" />
						<Anchor point="BOTTOMRIGHT" relativeTo="$(parent)" relativePoint="BOTTOMRIGHT" offsetX="0" offsetY="0" />
					</Backdrop>
				<Label name="$(parent)Name" font="ZoFontGame">
					<Anchor point="TOPLEFT" relativeTo="$(parent)" relativePoint="TOPLEFT" offsetX="10" offsetY="2" />
				</Label>
				<Label name="$(parent)Stats" font="ZoFontGame">
					<Anchor point="TOPLEFT" relativeTo="$(parent)Name" relativePoint="BOTTOMLEFT" offsetX="0" offsetY="0" />
				</Label>
				<Button name="$(parent)LoadButton" clickSound="Click" inherits="ZO_DefaultButton" >
					<Anchor point="TOPLEFT" relativeTo="$(parent)Stats" relativePoint="BOTTOMLEFT" offsetX="-10" offsetY="10" />
				</Button>
				<Button name="$(parent)DeleteButton" clickSound="Click" inherits="ZO_DefaultButton" >
					<Anchor point="TOPRIGHT" relativeTo="$(parent)LoadButton" relativePoint="TOPLEFT" offsetX="300" offsetY="0" />
				</Button>
			</Controls>
		</Control>
		<TopLevelControl name="HarvestFarmCompass" mouseEnabled="true" movable="true" hidden="true">
			<Anchor point="TOPLEFT" offsetX="0" offsetY="0" />
			<Dimensions x="180" y="210"/>
			<Controls>
				<Backdrop name="$(parent)BG" inherits="ZO_DefaultBackdrop" >
					<Anchor point="TOPLEFT" relativeTo="$(parent)" relativePoint="TOPLEFT" offsetX="0" offsetY="0" />
					<Anchor point="BOTTOMRIGHT" relativeTo="$(parent)" relativePoint="BOTTOMRIGHT" offsetX="0" offsetY="0" />
				</Backdrop>
				<Button name="$(parent)Close" text="Close" inherits="ZO_CloseButton" >
					<Anchor point="TOPRIGHT" relativeTo="$(parent)"  relativePoint="TOPRIGHT" offsetX="-4" offsetY="4" />
					<OnClicked>
						Harvest.farm.helper:SetCompassHidden(true)
					</OnClicked>
				</Button>
				
				<Texture name="$(parent)Arrow" textureFile="HarvestMap/Textures/Arrow/arrow.dds" >
					<Anchor point="BOTTOM" relativeTo="$(parent)" relativePoint="TOP" offsetX="0" offsetY="64" />
					<Dimensions x="180" y="180"/>
				</Texture>
				
				<Label name="$(parent)DistanceText" text="Distance to the next resource:" font="ZoFontGame" color="FFFFFF" horizontalAlignment="LEFT" >
					<Anchor point="TOPLEFT" relativeTo="$(parent)" relativePoint="TOPLEFT" offsetX="16" offsetY="20" />
					<Anchor point="TOPRIGHT" relativeTo="$(parent)" relativePoint="TOPRIGHT" offsetX="-16" offsetY="20" />
				</Label>
				<Label name="$(parent)Distance" font="ZoFontGame" color="FFFFFF" text="asd" horizontalAlignment="RIGHT" >
					<Anchor point="TOPRIGHT" relativeTo="$(parent)DistanceText"  relativePoint="BOTTOMRIGHT" offsetX="-2" offsetY="0" />
				</Label>
				<Label name="$(parent)VerticalDistance" font="ZoFontGame" color="FFFFFF" text="asd" horizontalAlignment="RIGHT" >
					<Anchor point="TOPRIGHT" relativeTo="$(parent)Distance"  relativePoint="BOTTOMRIGHT" offsetX="0" offsetY="0" />
				</Label>
				
				<Label name="$(parent)StatsText" text="Nodes per minute:" font="ZoFontGame" color="FFFFFF" horizontalAlignment="LEFT" >
					<Anchor point="TOPLEFT" relativeTo="$(parent)DistanceText" relativePoint="BOTTOMLEFT" offsetX="0" offsetY="48" />
					<Anchor point="TOPRIGHT" relativeTo="$(parent)DistanceText" relativePoint="BOTTOMRIGHT" offsetX="0" offsetY="48" />
				</Label>
				<Label name="$(parent)Stats" font="ZoFontGame" color="FFFFFF" text="123.23" horizontalAlignment="RIGHT" >
					<Anchor point="TOPRIGHT" relativeTo="$(parent)StatsText"  relativePoint="BOTTOMRIGHT" offsetX="-2" offsetY="0" />
				</Label>
				
				<Button name="$(parent)SkipNodeButton" text="Skip current target" inherits="ZO_DefaultButton" >
					<Anchor point="TOPLEFT" relativeTo="$(parent)Stats"  relativePoint="BOTTOMRIGHT" offsetX="-148" offsetY="8" />
					<Anchor point="TOPRIGHT" relativeTo="$(parent)Stats"  relativePoint="BOTTOMRIGHT" offsetX="0" offsetY="8" />
					<OnClicked>
						Harvest.farm.helper:UpdateToNextTarget()
					</OnClicked>
				</Button>
			</Controls>
		</TopLevelControl>
		<TopLevelControl name="HarvestFarmFilter" hidden="true">
			<Dimensions x="440" y="440" />
			<Anchor point="LEFT" offsetY="-85" />
			<Controls>
				<Control name="$(parent)Pane" inherits="ZO_ScrollContainer">
					<Anchor point="TOPLEFT" offsetX="20"/>
					<Anchor point="BOTTOMRIGHT"/>
				</Control>
			</Controls>
		</TopLevelControl>
		<TopLevelControl name="HarvestFarmMenu" inherits="ZO_RightPanelFootPrint" hidden="true">
			<Dimensions x="350" y="600" />
			<Anchor point="RIGHT" offsetY="-2" />
			<Controls>
				<Control name="$(parent)MenuBar" inherits="ZO_WorldMapInfoMenuBar">
					<Anchor point="TOPLEFT"/>
					<Controls>
						<Texture name="$(parent)Divider" inherits="ZO_HorizontalDivider" excludeFromResizeToFitExtents="true">
							<Dimensions x="472"/>
							<Anchor point="TOPLEFT" relativePoint="BOTTOMLEFT" offsetX="-72" offsetY="14" />
						</Texture>
					</Controls>
				</Control>
			</Controls>
		</TopLevelControl>
		<TopLevelControl name="HarvestFarmGenerator" inherits="ZO_WorldMapInfoContent" >
			<Anchor point="TOPLEFT" relativeTo="HarvestFarmMenu" offsetY="50"/>
			<Anchor point="BOTTOMRIGHT" relativeTo="HarvestFarmMenu" offsetX="-20"/>
		</TopLevelControl>
		<TopLevelControl name="HarvestFarmEditor" hidden="true" >
			<Anchor point="TOPLEFT" relativeTo="HarvestFarmMenu" offsetY="50"/>
			<Anchor point="BOTTOMRIGHT" relativeTo="HarvestFarmMenu" offsetX="-20"/>
		</TopLevelControl>
		<TopLevelControl name="HarvestFarmHelper" inherits="ZO_WorldMapInfoContent" >
			<Anchor point="TOPLEFT" relativeTo="HarvestFarmMenu" offsetY="50"/>
			<Anchor point="BOTTOMRIGHT" relativeTo="HarvestFarmMenu" offsetX="-20"/>
			<Controls>
				<Label name="$(parent)Description" font="ZoFontGame">
					<Anchor point="TOPLEFT" relativeTo="$(parent)" relativePoint="TOPLEFT" offsetX="0" offsetY="0" />
					<Anchor point="TOPRIGHT" relativeTo="$(parent)" relativePoint="TOPRIGHT" offsetX="0" offsetY="0" />
				</Label>
			</Controls>
		</TopLevelControl>
		<TopLevelControl name="HarvestFarmLoader" inherits="ZO_WorldMapInfoContent" >
			<Anchor point="TOPLEFT" relativeTo="HarvestFarmMenu" offsetY="50"/>
			<Anchor point="BOTTOMRIGHT" relativeTo="HarvestFarmMenu" offsetX="-20"/>
			<Controls>
				<Label name="$(parent)SaveTitle" font="ZoFontWinH4">
					<Anchor point="TOPLEFT" relativeTo="$(parent)" relativePoint="TOPLEFT" offsetX="0" offsetY="0" />
					<Anchor point="TOPRIGHT" relativeTo="$(parent)" relativePoint="TOPRIGHT" offsetX="0" offsetY="0" />
				</Label>
				<Label name="$(parent)NameTitle" font="ZoFontGame">
					<Anchor point="TOPLEFT" relativeTo="$(parent)SaveTitle" relativePoint="BOTTOMLEFT" offsetX="0" offsetY="0" />
					<Anchor point="TOPRIGHT" relativeTo="$(parent)SaveTitle" relativePoint="BOTTOMRIGHT" offsetX="0" offsetY="0" />
				</Label>
				<Backdrop name="$(parent)Name" inherits="ZO_SingleLineEditBackdrop_Keyboard">
					<Anchor point="TOPLEFT" relativeTo="$(parent)NameTitle" relativePoint="BOTTOMLEFT" offsetX="0" offsetY="0" />
					<Anchor point="TOPRIGHT" relativeTo="$(parent)NameTitle" relativePoint="BOTTOMRIGHT" offsetX="0" offsetY="0" />
					<Controls>
						<EditBox name="$(parent)Field" inherits="ZO_DefaultEditForBackdrop ZO_EditDefaultText"/>
					</Controls>
				</Backdrop>
				<Button name="$(parent)SaveButton" clickSound="Click" inherits="ZO_DefaultButton" >
					<Anchor point="TOPLEFT" relativeTo="$(parent)Name" relativePoint="BOTTOMLEFT" offsetX="0" offsetY="10" />
					<Anchor point="TOPRIGHT" relativeTo="$(parent)Name" relativePoint="BOTTOMRIGHT" offsetX="0" offsetY="10" />
					<OnClicked>
						Harvest.farm.loader:Save()
					</OnClicked>
				</Button>
				<Label name="$(parent)LoadTitle" font="ZoFontWinH4">
					<Anchor point="TOPLEFT" relativeTo="$(parent)SaveButton" relativePoint="BOTTOMLEFT" offsetX="0" offsetY="10" />
					<Anchor point="TOPRIGHT" relativeTo="$(parent)SaveButton" relativePoint="BOTTOMRIGHT" offsetX="0" offsetY="10" />
				</Label>
				<Control name="$(parent)Pane" inherits="ZO_ScrollContainer">
					<Anchor point="TOPLEFT" relativeTo="$(parent)LoadTitle" relativePoint="BOTTOMLEFT" offsetX="10" offsetY="0" />
					<Anchor point="BOTTOMRIGHT"/>
				</Control>
				<Label name="$(parent)NoTour" font="ZoFontGame">
					<Anchor point="TOPLEFT" relativeTo="$(parent)Pane" relativePoint="TOPLEFT" offsetX="0" offsetY="0" />
				</Label>
			</Controls>
		</TopLevelControl>
	</Controls>
</GuiXml>
