<Bindings>
	<Layer name="SI_KEYBINDINGS_LAYER_GENERAL">
		<Category name="HarvestMap">
			<Action name="SKIP_TARGET">
				<Down></Down>
				<Up>Harvest.farm.helper:UpdateToNextTarget()</Up>
			</Action>
			<Action name="TOGGLE_WORLDPINS">
				<Down></Down>
				<Up>
					Harvest.SetWorldPinsVisible(not Harvest.AreWorldPinsVisible())
					CALLBACK_MANAGER:FireCallbacks("LAM-RefreshPanel", Harvest.optionsPanel)
				</Up>
			</Action>
			<Action name="TOGGLE_MAPPINS">
				<Down></Down>
				<Up>
					Harvest.SetMapPinsVisible(not Harvest.AreMapPinsVisible())
					CALLBACK_MANAGER:FireCallbacks("LAM-RefreshPanel", Harvest.optionsPanel)
				</Up>
			</Action>
			<Action name="TOGGLE_MINIMAPPINS">
				<Down></Down>
				<Up>
					Harvest.SetMinimapPinsVisible(not Harvest.AreMinimapPinsVisible())
					CALLBACK_MANAGER:FireCallbacks("LAM-RefreshPanel", Harvest.optionsPanel)
				</Up>
			</Action>
			<Action name="HARVEST_SHOW_PANEL">
				<Down></Down>
				<Up>LibMainMenu2:SelectMenuItem(Harvest.farm.sceneName)</Up>
			</Action>
			<Action name="HARVEST_SHOW_FILTER">
				<Down></Down>
				<Up>Harvest.filterProfiles:Show()</Up>
			</Action>
		</Category>
	</Layer>
</Bindings>