<GuiXml>
  <Controls>
    <TopLevelControl name="HarvensQuestJournalTopLevel" allowBringToTop="false" mouseEnabled="true" hidden="true">
      <Anchor point="TOPLEFT" />
      <Anchor point="BOTTOMRIGHT" relativeTo="ZO_KeybindStripControl" relativePoint="TOPRIGHT" />

      <Controls>
        <Control name="$(parent)Journal">
          <Dimensions x="1024" y="1024"/>
          <Anchor point="CENTER" offsetY="-20" />

          <Controls>
            <Texture name="$(parent)Bg" textureFile="EsoUI/Art/LoreLibrary/loreLibrary_paperBook.dds">
              <Dimensions x="1024" y="1024"/>
              <Anchor point="CENTER" />
            </Texture>

            <Scroll name="$(parent)LeftPage">
              <Anchor point="LEFT" offsetX="100" offsetY="-10" />
              <Dimensions x="375" y="660"/>

              <OnInitialized>
                self:SetScrollBounding(SCROLL_BOUNDING_UNBOUND)
              </OnInitialized>

              <Controls>
                <Control name="$(parent)Container" resizeToFitDescendents="true">
                  <Anchor point="TOPLEFT" />

                  <Controls>
                    <Label name="$(parent)Title" horizontalAlignment="CENTER" font="ZoFontBookPaperTitle">
                      <Dimensions x="375" />
                      <Anchor point="TOPLEFT" />
                    </Label>
                    <Label name="$(parent)Body" mouseEnabled="true" font="ZoFontBookPaper" linkEnabled="true">
                      <Dimensions x="375" />
                      <Anchor point="TOP" relativeTo="$(parent)Title" relativePoint="BOTTOM" />
                    </Label>
                  </Controls>
                </Control>
              </Controls>
            </Scroll>

            <Scroll name="$(parent)RightPage">
              <Dimensions x="375" y="660"/>
              <Anchor point="RIGHT" offsetX="-95" offsetY="-10" />

              <OnInitialized>
                self:SetScrollBounding(SCROLL_BOUNDING_UNBOUND)
              </OnInitialized>

              <Controls>
                <Control name="$(parent)Container" resizeToFitDescendents="true">
                  <Anchor point="TOPLEFT" />
                  <Controls>
                    <Label name="$(parent)Body" mouseEnabled="true" font="ZoFontBookPaper" linkEnabled="true">
                      <Anchor point="TOPLEFT" />
                      <Dimensions x="375" />
                    </Label>
                  </Controls>
                </Control>
              </Controls>
            </Scroll>

            <Control name="$(parent)Sort" hidden="true">
              <Anchor point="TOPLEFT" relativeTo="$(parent)LeftPage" relativePoint="BOTTOMLEFT" offsetY="70" offsetX="-70" />

              <Controls>
                <Label name="$(parent)Label" font="ZoFontGame" text="HARVEN_QUEST_JOURNAL_SORT_BY">
                  <Anchor point="LEFT" />
                </Label>

                <Control name="$(parent)Dropdown" inherits="ZO_ComboBox">
                  <Dimensions x="200" y="26" />
                  <Anchor point="LEFT" relativeTo="$(parent)Label" relativePoint="RIGHT" offsetX="10"/>
                </Control>

                <Button name="$(parent)Ascending" inherits="ZO_CheckButton">
                  <Anchor point="LEFT" relativeTo="$(parent)Dropdown" relativePoint="RIGHT" offsetX="10"/>
                </Button>
              </Controls>
            </Control>
          </Controls>
        </Control>
      </Controls>
    </TopLevelControl>
  </Controls>
</GuiXml>