<GuiXml>
	<Controls>
	
		<Backdrop name="Lorebook_Research_Template" inherits="ZO_EditBackdrop" tier="HIGH" virtual="true">
			<Anchor point="TOPRIGHT" relativePoint="TOPRIGHT" offsetX="-38" offsetY="28"/>
			<Dimensions x="270"/>
			<Controls>
				<EditBox name="$(parent)Box" inherits="ZO_DefaultEditForBackdrop" defaultText="LBOOKS_SEARCH_PLACEHOLDER">
				</EditBox>
				<Label name="$(parent)SearchLabel" text="LBOOKS_SEARCH_LABEL" font="ZoFontGameLargeBold" color="INTERFACE_COLOR_TYPE_TEXT_COLORS:INTERFACE_TEXT_COLOR_NORMAL">
					<Anchor point="BOTTOMLEFT" relativePoint="TOPLEFT" relativeTo="$(parent)" offsetY="-2"/>
				</Label>
			</Controls>
		</Backdrop>
		
		<Label name="Lorebook_ShaliCollectionName_Template" font="ZoFontGameLargeBold" color="INTERFACE_COLOR_TYPE_TEXT_COLORS:INTERFACE_TEXT_COLOR_NORMAL" virtual="true">
			<Dimensions y="24" />
		</Label>
		
		<Label name="Lorebook_ShaliCollectionValue_Template" font="ZoFontGameLargeBold" virtual="true">
			<Dimensions y="24" />
		</Label>
		
		<Label name="Lorebook_ShaliCollectionReport_Template" font="ZoFontGameLargeBold" virtual="true">
			<Dimensions y="24" />
		</Label>
		
		<Label name="Lorebook_EideticBooksInMap_Template" font="ZoFontGameLargeBold" virtual="true">
			<Dimensions y="24" />
		</Label>

		<Label name="Lorebook_EideticMapName_Template" font="ZoFontGameLargeBold" virtual="true">
			<Dimensions y="24" />
		</Label>
		
		<Label name="Lorebook_EideticReportForMap_Template" font="ZoFontGameLargeBold" color="INTERFACE_COLOR_TYPE_TEXT_COLORS:INTERFACE_TEXT_COLOR_NORMAL" virtual="true">
			<Dimensions x="775" />
		</Label>
		
		<Label name="Lorebook_EideticBooksInCollection_Template" font="ZoFontGameLargeBold" virtual="true">
			<Dimensions y="24" />
		</Label>

		<Label name="Lorebook_EideticCollectionName_Template" font="ZoFontGameLargeBold" virtual="true">
			<Dimensions y="24" />
		</Label>
		
		<Label name="Lorebook_EideticReportForCollection_Template" font="ZoFontGameLargeBold" color="INTERFACE_COLOR_TYPE_TEXT_COLORS:INTERFACE_TEXT_COLOR_NORMAL" virtual="true">
			<Dimensions x="775" />
		</Label>
		
		<TopLevelControl name="LoreBooksReport" inherits="ZO_RightPanelFootPrint" hidden="true">
			<Controls>
				
				<Control name="$(parent)Container" inherits="ZO_ScrollContainer">
					<OnInitialized>
						ZO_Scroll_Initialize(self)
					</OnInitialized>
					<Dimensions y="675"/>
					<Anchor point="TOPLEFT" relativeTo="$(parent)" relativePoint="TOPLEFT" offsetX="20" offsetY="20" />
					<Anchor point="TOPRIGHT" relativeTo="$(parent)" relativePoint="TOPRIGHT" offsetY="20" />
				</Control>
				
				<Label name="$(parent)ShalidorHeaderText" font="ZoFontHeader2" color="INTERFACE_COLOR_TYPE_TEXT_COLORS:INTERFACE_TEXT_COLOR_NORMAL">
					<Dimensions x="830" />
					<OnInitialized>
						self:SetParent(GetControl("LoreBooksReportContainerScrollChild"))
						self:SetAnchor(TOPLEFT, LoreBooksReportContainerScrollChild, TOPLEFT, 4, 4)
					</OnInitialized>
				</Label>
				
				<Label name="$(parent)EideticHeaderText" font="ZoFontHeader2" color="INTERFACE_COLOR_TYPE_TEXT_COLORS:INTERFACE_TEXT_COLOR_NORMAL">
					<Dimensions x="830" />
					<OnInitialized>
						self:SetParent(GetControl("LoreBooksReportContainerScrollChild"))
						self:SetAnchor(TOPLEFT, LoreBooksReportContainerScrollChild, TOPLEFT, 4, 4)
					</OnInitialized>
				</Label>
				
			</Controls>
		</TopLevelControl>
		
		<TopLevelControl name="LoreBooksCopyReport" inherits="ZO_RightPanelFootPrint" hidden="true">
			<Controls>
				
				<Backdrop name="$(parent)Content" inherits="ZO_MultiLineEditBackdrop_Keyboard">
					<Anchor point="TOPLEFT" relativeTo="$(parent)" relativePoint="TOPLEFT" offsetX="20" offsetY="20" />
					<Dimensions x="875" y="650" />
					<Controls>
						<EditBox name="$(parent)Edit" editEnabled="false" inherits="ZO_DefaultEditMultiLineForBackdrop" color="INTERFACE_COLOR_TYPE_TEXT_COLORS:INTERFACE_TEXT_COLOR_SELECTED" maxInputCharacters="20000" mouseEnabled="true" />
					</Controls>
				</Backdrop>
				
			</Controls>
		</TopLevelControl>
		
	</Controls>
</GuiXml>