<GuiXml>
    <!-- Optional backup font settings for German language mode. "de" -->
    <!-- These backup fonts will be used in place of the missing glyphs in the original font -->
    <BackupFont originalFont="$(PROSE_ANTIQUE_FONT)" backupFont="EsoUI/Common/Fonts/ProseAntiquePSMTCyrillic.slug"/>
    <BackupFont originalFont="$(PROSE_ANTIQUE_FONT)" backupFont="EsoUI/Common/Fonts/ESO_KafuPenji-M.slug"/>

    <BackupFont originalFont="$(CONSOLAS_FONT)" backupFont="EsoUI/Common/Fonts/ESO_FWNTLGUDC70-DB.slug"/>

    <BackupFont originalFont="$(FTN47_FONT)" backupFont="EsoUI/Common/Fonts/ESO_FWNTLGUDC70-DB.slug"/>

    <BackupFont originalFont="$(FTN57_FONT)" backupFont="EsoUI/Common/Fonts/ESO_FWNTLGUDC70-DB.slug"/>

    <BackupFont originalFont="$(FTN87_FONT)" backupFont="EsoUI/Common/Fonts/ESO_FWNTLGUDC70-DB.slug"/>

    <BackupFont originalFont="$(HANDWRITTEN_BOLD_FONT)" backupFont="EsoUI/Common/Fonts/HandwrittenCyrillic_Bold.slug"/>
    <BackupFont originalFont="$(HANDWRITTEN_BOLD_FONT)" backupFont="EsoUI/Common/Fonts/ESO_KafuPenji-M.slug"/>

    <BackupFont originalFont="$(TRAJAN_PRO_R_FONT)" backupFont="EsoUI/Common/Fonts/TrajanProCyrillic-Regular.slug"/>
    <BackupFont originalFont="$(TRAJAN_PRO_R_FONT)" backupFont="EsoUI/Common/Fonts/ESO_KafuPenji-M.slug"/>

    <BackupFont originalFont="$(UNIVERS55_FONT)" backupFont="EsoUI/Common/Fonts/ESO_FWNTLGUDC70-DB.slug"/>

    <BackupFont originalFont="$(UNIVERS57_FONT)" backupFont="EsoUI/Common/Fonts/Univers57Cyrillic-Condensed.slug"/>
    <BackupFont originalFont="$(UNIVERS57_FONT)" backupFont="EsoUI/Common/Fonts/ESO_FWUDC_70-M.slug"/>

    <BackupFont originalFont="$(UNIVERS67_FONT)" backupFont="EsoUI/Common/Fonts/Univers67Cyrillic-CondensedBold.slug"/>
    <BackupFont originalFont="$(UNIVERS67_FONT)" backupFont="EsoUI/Common/Fonts/ESO_FWNTLGUDC70-DB.slug"/>

    <BackupFont originalFont="$(UNIVERS57CYR_FONT)" backupFont="EsoUI/Common/Fonts/ESO_FWUDC_70-M.slug"/>

    <BackupFont originalFont="$(UNIVERS67CYR_FONT)" backupFont="EsoUI/Common/Fonts/ESO_FWNTLGUDC70-DB.slug"/>
</GuiXml>
