<GuiXml>
    <!-- common font string defintions for all language modes. -->
    <String name="PROSE_ANTIQUE_FONT" value="esoui/common/fontS/ProseAntiquePSMT.slug" />
    <String name="CONSOLAS_FONT" value="esoui/common/fontS/consola.slug" />
    <String name="FTN47_FONT" value="esoui/common/fontS/FTN47.slug" />
    <String name="FTN57_FONT" value="esoui/common/fontS/FTN57.slug" />
    <String name="FTN87_FONT" value="esoui/common/fontS/FTN87.slug" />
    <String name="HANDWRITTEN_BOLD_FONT" value="esoui/common/fontS/Handwritten_Bold.slug" />
    <String name="TRAJAN_PRO_R_FONT" value="esoui/common/fontS/TrajanPro-Regular.slug" />
    <String name="UNIVERS55_FONT" value="esoui/common/fontS/Univers55.slug" />
    <String name="UNIVERS57_FONT" value="esoui/common/fontS/Univers57.slug" />
    <String name="UNIVERS67_FONT" value="esoui/common/fontS/Univers67.slug" />
    <String name="UNIVERS57CYR_FONT" value="esoui/common/fontS/Univers57cyrillic-Condensed.slug" />
    <String name="UNIVERS67CYR_FONT" value="esoui/common/fontS/Univers67cyrillic-CondensedBold.slug" />
</GuiXml>
